date,contributions,daily_limit
2025-01-27,12,12
2025-01-28,10,10
2025-01-29,5,5
2025-01-30,15,15
2025-02-02,6,8
2025-02-03,7,12
2025-02-04,6,6
2025-02-05,7,10
2025-02-06,8,9
2025-02-07,2,8
2025-02-08,6,12
2025-02-09,4,11
2025-02-10,9,9
2025-02-12,4,4
2025-02-13,11,11
2025-02-14,6,6
2025-02-15,8,10
2025-02-16,7,7
2025-02-17,5,5
2025-02-18,12,12
2025-02-19,5,5
2025-02-20,11,11
2025-02-21,7,7
2025-02-24,5,5
2025-02-25,4,4
2025-02-26,3,3
2025-02-27,10,11
2025-02-28,8,11
2025-03-01,3,10
2025-03-03,3,3
2025-03-04,2,2
2025-03-05,3,11
2025-03-06,9,11
2025-03-07,2,2
2025-03-08,2,10
2025-03-10,8,8
2025-03-11,2,4
2025-03-13,4,4
2025-03-17,1,1
2025-03-18,2,2
2025-03-19,3,10
2025-03-20,3,3
2025-03-21,6,8
2025-03-24,9,9
2025-03-25,6,6
2025-03-26,7,11
2025-03-27,3,3
2025-03-28,7,7
2025-03-30,7,8
2025-03-31,4,4
2025-04-01,7,7
2025-04-02,4,4
2025-04-03,1,1
2025-04-04,4,5
2025-04-07,9,12
2025-04-08,2,2
2025-04-09,7,7
2025-04-10,2,2
2025-04-11,7,10
2025-04-14,1,1
2025-04-15,3,3
2025-04-16,4,4
2025-04-21,12,12
2025-04-22,11,11
2025-04-23,7,11
2025-04-28,1,1
2025-04-29,5,9
2025-04-30,3,4
2025-05-03,4,4
2025-05-06,2,11
2025-05-07,5,5
2025-05-08,8,8
2025-05-09,9,9
2025-05-10,4,12
2025-05-13,1,1
2025-05-20,7,7
2025-05-21,3,3
2025-05-22,2,3
2025-05-23,1,1
2025-05-24,6,8
2025-05-26,4,4
2025-05-27,10,10
2025-05-28,2,2
2025-05-29,6,7
2025-05-30,7,7
2025-06-01,2,2
2025-06-02,6,8
2025-06-03,3,3
2025-06-04,1,1
2025-06-05,7,9
2025-06-06,3,3
2025-06-08,8,12
2025-06-09,9,10
2025-06-10,6,8
2025-06-11,12,12
2025-06-12,4,11
2025-06-13,2,3
2025-06-15,1,3
2025-06-16,4,4
2025-06-17,3,3
2025-06-18,2,2
2025-06-23,3,11
2025-06-29,11,11
2025-06-30,8,8
2025-07-01,1,1
2025-07-02,2,10
2025-07-03,4,7
2025-07-04,6,8
2025-07-05,10,10
2025-07-06,7,11
2025-07-07,3,3
2025-07-08,5,5
2025-07-09,9,9
2025-07-10,11,12
2025-07-11,1,1
2025-07-12,3,3
2025-07-13,4,4
2025-07-14,6,6
2025-07-15,8,8
2025-07-16,8,8
2025-07-17,3,3
2025-07-18,1,1
2025-07-19,2,9
2025-07-21,10,10
2025-07-22,7,7
2025-07-23,1,1
2025-07-28,2,2
2025-07-29,4,4
2025-07-30,1,10
2025-07-31,3,4
2025-08-04,3,3
2025-08-06,3,7
2025-08-07,5,9
2025-08-09,1,1
2025-08-10,1,1
2025-08-11,6,11
2025-08-12,3,3
2025-08-14,1,1
2025-08-15,5,5
2025-08-16,8,8
2025-08-17,11,11
2025-08-20,3,8
2025-08-21,1,1
2025-08-22,10,10
2025-08-27,6,7
2025-08-28,5,5
2025-08-29,1,1
2025-08-30,1,3
2025-09-01,8,10
2025-09-02,1,1
2025-09-03,10,12
2025-09-04,3,3
2025-09-05,8,12
2025-09-08,7,7
2025-09-09,2,2
2025-09-10,5,5
2025-09-11,8,8
2025-09-12,3,5
2025-09-16,1,1
2025-09-17,3,6
